created_at,contact_id,entity_id,id,owner_id,entity_type,source,activity_type,summary,payload
2026-05-20 23:00:08.143961,6c77c2c8-de8c-477c-b5e3-cdab13a925c6,4c881101-a48a-4a17-bf36-6e0304e9ba30,542afcc6-bf9e-48eb-9a41-650cc2010b9b,f2743829-9058-4a1e-aaf0-1a536e6508b9,LEAD,FLOW,LEAD_CREATED,Lead created via FLOW (status: INTERESTED),"{""source"":""FLOW"",""status"":""INTERESTED""}"
2026-05-20 23:06:42.704983,6c77c2c8-de8c-477c-b5e3-cdab13a925c6,92d1f740-2cc1-440a-b577-99c6f44f82a7,1acc75cc-8aac-45e7-a730-0cda35234b26,f2743829-9058-4a1e-aaf0-1a536e6508b9,LEAD,FLOW,LEAD_CREATED,Lead created via FLOW (status: INTERESTED),"{""source"":""FLOW"",""status"":""INTERESTED""}"
2026-05-21 00:05:17.299018,705ebb7f-2697-4d69-9872-c863f714d164,a9db6bdc-909b-4155-8253-74ecdf079419,39cfe5ef-b24b-47c6-b4ff-d5ace2faaf97,f2743829-9058-4a1e-aaf0-1a536e6508b9,LEAD,FLOW,LEAD_CREATED,Lead created via FLOW (status: INTERESTED),"{""status"":""INTERESTED"",""source"":""FLOW""}"
2026-05-21 07:51:20.480706,705ebb7f-2697-4d69-9872-c863f714d164,2bcaf158-e0f4-4a0f-819a-3d5df5a3b3c7,da349a88-70cf-4349-9ad9-da498077267b,f2743829-9058-4a1e-aaf0-1a536e6508b9,LEAD,FLOW,LEAD_CREATED,Lead created via FLOW (status: INTERESTED),"{""source"":""FLOW"",""status"":""INTERESTED""}"
2026-05-21 22:16:18.882762,705ebb7f-2697-4d69-9872-c863f714d164,29cf8295-fa84-420e-b15e-39b981621582,8ac8655b-bfff-4993-8b66-e46beb5d014b,f2743829-9058-4a1e-aaf0-1a536e6508b9,LEAD,FLOW,LEAD_CREATED,Lead created via FLOW (status: INTERESTED),"{""status"":""INTERESTED"",""source"":""FLOW""}"
2026-06-13 09:56:24.315533,6c77c2c8-de8c-477c-b5e3-cdab13a925c6,4d64cefb-2dd6-4419-8bed-2cf4bad05557,841fe219-7562-4215-b913-c13925a95333,f2743829-9058-4a1e-aaf0-1a536e6508b9,LEAD,FLOW,LEAD_CREATED,Lead created via FLOW (status: INTERESTED),"{""source"":""FLOW"",""status"":""INTERESTED""}"
2026-06-14 10:14:26.48327,6c77c2c8-de8c-477c-b5e3-cdab13a925c6,f8bf14e7-6254-4056-9bca-1a26c74ffea9,fc2216c8-a504-40a5-b964-0802369dbf14,f2743829-9058-4a1e-aaf0-1a536e6508b9,BOOKING,FLOW,BOOKING_CONFIRMED,Booking confirmed for 'opt_1' (slot: TBD),"{""service"":""opt_1"",""status"":""CONFIRMED"",""slot"":""TBD""}"
2026-06-15 22:14:11.347308,705ebb7f-2697-4d69-9872-c863f714d164,5a0ed3f8-79d1-4ac4-bf0e-3a977fa2aeac,3e9d964c-52ad-4b3e-8918-d449dc32140f,f2743829-9058-4a1e-aaf0-1a536e6508b9,BOOKING,FLOW,BOOKING_CONFIRMED,Booking confirmed for 'Tell me about your services' (slot: TBD),"{""status"":""CONFIRMED"",""service"":""Tell me about your services"",""slot"":""TBD""}"
2026-06-15 22:25:32.724451,705ebb7f-2697-4d69-9872-c863f714d164,82f001bf-678f-45b5-b9a4-ffecdeb23c69,a2b68d01-3ec8-455c-90b5-adfc01d14c7d,f2743829-9058-4a1e-aaf0-1a536e6508b9,BOOKING,FLOW,BOOKING_CONFIRMED,Booking confirmed for 'opt_1' (slot: TBD),"{""slot"":""TBD"",""status"":""CONFIRMED"",""service"":""opt_1""}"
2026-06-15 22:26:52.223684,705ebb7f-2697-4d69-9872-c863f714d164,65de6705-6311-4d5c-8b77-135b97ebc0d3,0d159861-b94f-4950-a703-5bb9ce6e6213,f2743829-9058-4a1e-aaf0-1a536e6508b9,LEAD,FLOW,LEAD_CREATED,Lead created via FLOW (status: INTERESTED),"{""source"":""FLOW"",""status"":""INTERESTED""}"
2026-06-16 01:00:44.932009,705ebb7f-2697-4d69-9872-c863f714d164,7ecd1d52-7189-47e5-a9d2-674a2bc212d0,d517e740-859e-48ed-bedb-d93aeb9a4df1,f2743829-9058-4a1e-aaf0-1a536e6508b9,LEAD,FLOW,LEAD_CREATED,Lead created via FLOW (status: INTERESTED),"{""status"":""INTERESTED"",""source"":""FLOW""}"
2026-06-16 01:02:48.427155,705ebb7f-2697-4d69-9872-c863f714d164,5104fdaa-3dad-4f02-a681-8891fea09bc5,065fc009-41ea-476c-9778-6ac145daa94e,f2743829-9058-4a1e-aaf0-1a536e6508b9,LEAD,FLOW,LEAD_CREATED,Lead created via FLOW (status: INTERESTED),"{""status"":""INTERESTED"",""source"":""FLOW""}"
2026-06-16 08:35:20.196547,6c77c2c8-de8c-477c-b5e3-cdab13a925c6,33f6cb2d-94c9-4f9a-beec-fa7ab34fa39f,fb1b8fd9-4c15-4067-a31e-6d9c683c6b92,f2743829-9058-4a1e-aaf0-1a536e6508b9,LEAD,FLOW,LEAD_CREATED,Lead created via FLOW (status: INTERESTED),"{""source"":""FLOW"",""status"":""INTERESTED""}"
2026-06-16 23:40:55.873079,705ebb7f-2697-4d69-9872-c863f714d164,ae6e45cd-9451-498d-ae05-564fc88a99d0,9d6edb4e-04a9-49ff-b9cd-81876cbe73f3,f2743829-9058-4a1e-aaf0-1a536e6508b9,LEAD,FLOW,LEAD_CREATED,Lead created via FLOW (status: INTERESTED),"{""status"":""INTERESTED"",""source"":""FLOW""}"
2026-06-18 23:20:59.692863,6c77c2c8-de8c-477c-b5e3-cdab13a925c6,e6cece68-f627-4a95-bed1-26288c0c491d,97e8281f-3d51-444a-9207-83d45e711520,f2743829-9058-4a1e-aaf0-1a536e6508b9,APPOINTMENT,FLOW,APPOINTMENT_SCHEDULED,Appointment scheduled: 'Appointment' at 2026-06-19T10:00,"{""dateTime"":""2026-06-19T10:00"",""title"":""Appointment"",""status"":""SCHEDULED""}"
2026-06-26 22:57:17.172879,5bb50890-af30-40e2-8517-a57d9705d83d,b842688f-37c4-45ba-982f-2bbbb27181f1,45fb55d8-98d4-4bdf-87cf-ae020c8bdb3a,f2743829-9058-4a1e-aaf0-1a536e6508b9,APPOINTMENT,FLOW,APPOINTMENT_SCHEDULED,Appointment scheduled: 'Web Appointment' at 2026-06-27T10:00,"{""dateTime"":""2026-06-27T10:00"",""title"":""Web Appointment"",""status"":""SCHEDULED""}"
2026-06-26 23:00:40.025986,5bb50890-af30-40e2-8517-a57d9705d83d,b842688f-37c4-45ba-982f-2bbbb27181f1,f59ef724-e679-415e-87e6-66291a5aee32,f2743829-9058-4a1e-aaf0-1a536e6508b9,APPOINTMENT,MANUAL,APPOINTMENT_SCHEDULED,Appointment scheduled: 'Web Appointment' at 2026-06-27T10:00,"{""dateTime"":""2026-06-27T10:00"",""title"":""Web Appointment"",""status"":""COMPLETED""}"
2026-06-26 23:00:42.082348,5bb50890-af30-40e2-8517-a57d9705d83d,b842688f-37c4-45ba-982f-2bbbb27181f1,ce15799f-5248-4896-9e70-adbbf0ea41e6,f2743829-9058-4a1e-aaf0-1a536e6508b9,APPOINTMENT,MANUAL,APPOINTMENT_SCHEDULED,Appointment scheduled: 'Web Appointment' at 2026-06-27T10:00,"{""dateTime"":""2026-06-27T10:00"",""title"":""Web Appointment"",""status"":""COMPLETED""}"
2026-06-27 01:43:13.107063,705ebb7f-2697-4d69-9872-c863f714d164,82f001bf-678f-45b5-b9a4-ffecdeb23c69,93d4738d-549d-43a9-b365-e953d0443dfa,f2743829-9058-4a1e-aaf0-1a536e6508b9,BOOKING,MANUAL,BOOKING_CONFIRMED,Booking confirmed for 'opt_1' (slot: TBD),"{""service"":""opt_1"",""slot"":""TBD"",""status"":""NO_SHOW""}"
2026-06-27 15:33:32.187764,a91cf57d-7dcf-4920-91b3-5185b71f6622,534e761e-7446-49d1-9816-4037fe9aac35,f2779b15-5dae-4415-9f7a-8e451e253811,f2743829-9058-4a1e-aaf0-1a536e6508b9,LEAD,WEB_WIDGET,LEAD_CREATED,Lead created via WEB_WIDGET (status: NEW),"{""source"":""WEB_WIDGET"",""status"":""NEW""}"
2026-06-27 15:42:13.458849,a91cf57d-7dcf-4920-91b3-5185b71f6622,80d0fa93-b99a-42b3-9b7d-a2b161dbe790,aec523bf-7996-47dd-84e5-ee78448157f0,f2743829-9058-4a1e-aaf0-1a536e6508b9,LEAD,WEB_WIDGET,LEAD_CREATED,Lead created via WEB_WIDGET (status: NEW),"{""source"":""WEB_WIDGET"",""status"":""NEW""}"
2026-06-27 16:48:36.899925,5bb50890-af30-40e2-8517-a57d9705d83d,c751d627-aedd-4f27-9ede-1154237d25fb,4e1a8676-3602-432f-b200-7616e7d927e5,f2743829-9058-4a1e-aaf0-1a536e6508b9,APPOINTMENT,FLOW,APPOINTMENT_SCHEDULED,Appointment scheduled: 'Web Appointment' at 2026-06-28T10:00,"{""status"":""SCHEDULED"",""title"":""Web Appointment"",""dateTime"":""2026-06-28T10:00""}"
2026-06-27 17:10:28.958003,d1c3a300-9eb5-4241-9326-c79bf151808b,d830fc8d-5f59-45cc-b6cf-16956519f2a6,82e4b9a9-c1ea-4ba6-bf76-258e9cd188fb,f2743829-9058-4a1e-aaf0-1a536e6508b9,LEAD,WEB_WIDGET,LEAD_CREATED,Lead created via WEB_WIDGET (status: NEW),"{""status"":""NEW"",""source"":""WEB_WIDGET""}"
2026-06-27 17:18:52.434092,241402a5-2c82-4055-b0fe-fd2ba6438d9f,75a5a692-0543-4d4d-bf84-626a84624158,fba2702a-0c13-416e-adc6-f34111efd361,f2743829-9058-4a1e-aaf0-1a536e6508b9,LEAD,WEB_WIDGET,LEAD_CREATED,Lead created via WEB_WIDGET (status: NEW),"{""status"":""NEW"",""source"":""WEB_WIDGET""}"
2026-06-27 17:25:59.817645,6b472d9e-0cde-4e73-998f-5f5782e3352c,44166c67-6218-4757-9802-c01967e75a25,b65ebf6d-a7ae-4132-b1ab-1727183685e9,f2743829-9058-4a1e-aaf0-1a536e6508b9,LEAD,WEB_WIDGET,LEAD_CREATED,Lead created via WEB_WIDGET (status: NEW),"{""status"":""NEW"",""source"":""WEB_WIDGET""}"
2026-06-27 17:44:00.112384,6c77c2c8-de8c-477c-b5e3-cdab13a925c6,27787115-2779-4fb3-b2e1-dc50799db985,59c07f04-e999-4ec9-9355-ac9abc3f0ea8,f2743829-9058-4a1e-aaf0-1a536e6508b9,LEAD,FLOW,LEAD_CREATED,Lead created via FLOW (status: INTERESTED),"{""status"":""INTERESTED"",""source"":""FLOW""}"
2026-06-27 17:47:10.339324,6c77c2c8-de8c-477c-b5e3-cdab13a925c6,ab4b18e2-fe97-4e17-a8cd-5456914db4c8,b35d9856-8288-4386-a343-6dec121f51de,f2743829-9058-4a1e-aaf0-1a536e6508b9,LEAD,FLOW,LEAD_CREATED,Lead created via FLOW (status: INTERESTED),"{""status"":""INTERESTED"",""source"":""FLOW""}"
2026-06-27 17:53:46.62622,6c77c2c8-de8c-477c-b5e3-cdab13a925c6,f2c7c6f8-d6c3-419f-aea7-3d97f0c1503e,a7a544b4-2246-41af-96de-46031f943ae8,f2743829-9058-4a1e-aaf0-1a536e6508b9,LEAD,FLOW,LEAD_CREATED,Lead created via FLOW (status: INTERESTED),"{""source"":""FLOW"",""status"":""INTERESTED""}"
2026-06-27 17:59:14.275954,6c77c2c8-de8c-477c-b5e3-cdab13a925c6,c404fce9-9925-4d55-a4a4-239ac60b44cc,81a31e25-f6f6-4686-808a-2e8d89d2845f,f2743829-9058-4a1e-aaf0-1a536e6508b9,LEAD,FLOW,LEAD_CREATED,Lead created via FLOW (status: INTERESTED),"{""status"":""INTERESTED"",""source"":""FLOW""}"
2026-06-27 18:15:54.864735,6c77c2c8-de8c-477c-b5e3-cdab13a925c6,a5e547ff-faf0-4316-88dd-0cda19a12c32,38e16c48-201d-417a-97eb-7beab5980a04,f2743829-9058-4a1e-aaf0-1a536e6508b9,LEAD,FLOW,LEAD_CREATED,Lead created via FLOW (status: INTERESTED),"{""source"":""FLOW"",""status"":""INTERESTED""}"
2026-06-27 18:28:14.673118,6c77c2c8-de8c-477c-b5e3-cdab13a925c6,7e28d2d2-756a-48b4-8214-365d7d74e83d,62ea4339-6e2b-4f7d-a762-9ed38b4126ee,f2743829-9058-4a1e-aaf0-1a536e6508b9,LEAD,FLOW,LEAD_CREATED,Lead created via FLOW (status: INTERESTED),"{""source"":""FLOW"",""status"":""INTERESTED""}"
2026-06-27 22:08:47.352261,6c77c2c8-de8c-477c-b5e3-cdab13a925c6,9b1addbb-80b7-44e7-adc7-2e133dc7313e,fa42ed65-1a26-49ac-b591-4a399f1e007c,f2743829-9058-4a1e-aaf0-1a536e6508b9,LEAD,FLOW,LEAD_CREATED,Lead created via FLOW (status: INTERESTED),"{""source"":""FLOW"",""status"":""INTERESTED""}"
2026-06-27 22:20:31.638219,6c77c2c8-de8c-477c-b5e3-cdab13a925c6,e6fb91d8-c0e0-4d6e-bdc7-580b8e23c310,5456d073-38fe-478f-9943-9203259baf22,f2743829-9058-4a1e-aaf0-1a536e6508b9,LEAD,FLOW,LEAD_CREATED,Lead created via FLOW (status: INTERESTED),"{""source"":""FLOW"",""status"":""INTERESTED""}"
2026-06-27 22:30:58.810467,6c77c2c8-de8c-477c-b5e3-cdab13a925c6,941533c8-dc33-4f31-a1eb-42ef1cbeedc4,dde91d8f-5509-41b2-8d1e-1cf6a06e5e72,f2743829-9058-4a1e-aaf0-1a536e6508b9,LEAD,FLOW,LEAD_CREATED,Lead created via FLOW (status: INTERESTED),"{""status"":""INTERESTED"",""source"":""FLOW""}"
2026-06-27 22:45:45.672421,6c77c2c8-de8c-477c-b5e3-cdab13a925c6,20b4018a-87d2-45b7-848e-12ad78aa1749,613c5da7-9004-4f33-9916-195980b54c95,f2743829-9058-4a1e-aaf0-1a536e6508b9,LEAD,FLOW,LEAD_CREATED,Lead created via FLOW (status: INTERESTED),"{""status"":""INTERESTED"",""source"":""FLOW""}"
2026-06-27 23:26:15.047496,6c77c2c8-de8c-477c-b5e3-cdab13a925c6,3d6bba70-7388-4083-8f68-d448d128c200,38de867f-9d84-4c1b-8f75-59ddf16a3575,f2743829-9058-4a1e-aaf0-1a536e6508b9,LEAD,FLOW,LEAD_CREATED,Lead created via FLOW (status: INTERESTED),"{""source"":""FLOW"",""status"":""INTERESTED""}"
2026-06-27 23:44:01.158514,6c77c2c8-de8c-477c-b5e3-cdab13a925c6,279860ac-ad57-4767-a806-d511630fc928,c9b6e849-06d3-4a3c-8f1a-722b2f4b9b42,f2743829-9058-4a1e-aaf0-1a536e6508b9,LEAD,FLOW,LEAD_CREATED,Lead created via FLOW (status: INTERESTED),"{""status"":""INTERESTED"",""source"":""FLOW""}"
2026-06-27 23:53:29.981753,6c77c2c8-de8c-477c-b5e3-cdab13a925c6,ecda08c5-f752-4247-b725-4603e48b2d88,2eac6432-5917-4c50-9a00-42e04e7fb7e7,f2743829-9058-4a1e-aaf0-1a536e6508b9,LEAD,FLOW,LEAD_CREATED,Lead created via FLOW (status: INTERESTED),"{""status"":""INTERESTED"",""source"":""FLOW""}"
2026-06-28 00:05:19.165016,6c77c2c8-de8c-477c-b5e3-cdab13a925c6,d26a90ed-88b8-412f-8041-5c8a9d3a6cf4,45872c58-7e3b-42a5-b286-e3e47c6db38d,f2743829-9058-4a1e-aaf0-1a536e6508b9,LEAD,FLOW,LEAD_CREATED,Lead created via FLOW (status: INTERESTED),"{""source"":""FLOW"",""status"":""INTERESTED""}"
2026-06-28 01:11:22.997011,6c77c2c8-de8c-477c-b5e3-cdab13a925c6,2306b4da-303c-4353-9c5a-67cae39972f9,a1837046-f5d0-472c-95f9-84a5a7862701,f2743829-9058-4a1e-aaf0-1a536e6508b9,APPOINTMENT,FLOW,APPOINTMENT_SCHEDULED,Appointment scheduled: 'Appointment' at 2026-06-29T10:00,"{""status"":""SCHEDULED"",""dateTime"":""2026-06-29T10:00"",""title"":""Appointment""}"
2026-06-28 01:17:47.64299,6c77c2c8-de8c-477c-b5e3-cdab13a925c6,bccd0959-9de6-4269-b90e-c0587cdfd2de,59d4a7f9-c3e4-4814-94f6-89eecb95c877,f2743829-9058-4a1e-aaf0-1a536e6508b9,LEAD,FLOW,LEAD_CREATED,Lead created via FLOW (status: INTERESTED),"{""status"":""INTERESTED"",""source"":""FLOW""}"
2026-06-28 01:19:51.572257,6c77c2c8-de8c-477c-b5e3-cdab13a925c6,033e8780-5407-46dd-9bfc-3b08735da1ce,f58918e8-a99a-4a55-9457-2d31d0c65a51,f2743829-9058-4a1e-aaf0-1a536e6508b9,LEAD,FLOW,LEAD_CREATED,Lead created via FLOW (status: INTERESTED),"{""status"":""INTERESTED"",""source"":""FLOW""}"
2026-06-28 01:21:59.344352,6c77c2c8-de8c-477c-b5e3-cdab13a925c6,de0686a2-68b1-48fd-bf27-67c61fb25bc1,6a983658-7e3c-46f1-bdb1-9be6164777f7,f2743829-9058-4a1e-aaf0-1a536e6508b9,BOOKING,FLOW,BOOKING_CONFIRMED,Booking confirmed for 'Booking' (slot: TBD),"{""status"":""CONFIRMED"",""service"":""Booking"",""slot"":""TBD""}"
2026-06-28 02:31:45.112665,6c77c2c8-de8c-477c-b5e3-cdab13a925c6,64002ee1-3bc4-48e5-961a-f0e23dcc9a96,73a220f5-8089-49a9-afd7-bfb0778c2857,f2743829-9058-4a1e-aaf0-1a536e6508b9,BOOKING,FLOW,BOOKING_CONFIRMED,Booking confirmed for 'Booking' (slot: TBD),"{""service"":""Booking"",""slot"":""TBD"",""status"":""CONFIRMED""}"
2026-06-28 02:43:21.733975,6c77c2c8-de8c-477c-b5e3-cdab13a925c6,7f9b6c3b-a5a4-4e9b-a8f4-e74d3c23fba4,31514480-0755-4db8-938a-cbeb6a669cf4,f2743829-9058-4a1e-aaf0-1a536e6508b9,APPOINTMENT,FLOW,APPOINTMENT_SCHEDULED,Appointment scheduled: 'Appointment' at 2026-06-29T10:00,"{""dateTime"":""2026-06-29T10:00"",""title"":""Appointment"",""status"":""SCHEDULED""}"
2026-06-28 02:47:39.457697,a91cf57d-7dcf-4920-91b3-5185b71f6622,0dfa222e-7c9e-4872-847a-89cb873c57e1,f87c9691-d037-4b95-aa36-27deac44d7bb,f2743829-9058-4a1e-aaf0-1a536e6508b9,APPOINTMENT,MANUAL,APPOINTMENT_SCHEDULED,Appointment scheduled: 'demo call' at 2026-06-27T21:17:04.339,"{""dateTime"":""2026-06-27T21:17:04.339"",""title"":""demo call"",""status"":""SCHEDULED""}"
2026-06-28 03:05:16.875966,705ebb7f-2697-4d69-9872-c863f714d164,53e640e0-ac0a-4a2f-bd9d-8a999aa0abdb,3a5bdf2b-7138-400a-b4ab-2c88ddb3213b,f2743829-9058-4a1e-aaf0-1a536e6508b9,APPOINTMENT,MANUAL,APPOINTMENT_SCHEDULED,Appointment scheduled: 'kjnl' at 2026-06-27T21:34:48.534,"{""dateTime"":""2026-06-27T21:34:48.534"",""title"":""kjnl"",""status"":""SCHEDULED""}"
2026-06-28 03:05:57.090015,241402a5-2c82-4055-b0fe-fd2ba6438d9f,28275428-d9f2-404e-876a-4c5d4193aa41,6902af67-ac27-44c6-bf2b-00d316ab9039,f2743829-9058-4a1e-aaf0-1a536e6508b9,APPOINTMENT,MANUAL,APPOINTMENT_SCHEDULED,Appointment scheduled: 'kjnjknk' at 2026-06-27T21:35:16.874,"{""dateTime"":""2026-06-27T21:35:16.874"",""title"":""kjnjknk"",""status"":""SCHEDULED""}"
2026-06-28 04:14:48.149904,5bb50890-af30-40e2-8517-a57d9705d83d,c751d627-aedd-4f27-9ede-1154237d25fb,2ac039dd-c260-49a4-94c4-85d3d7398a16,f2743829-9058-4a1e-aaf0-1a536e6508b9,APPOINTMENT,MEET_LINK_GENERATED,APPOINTMENT_SCHEDULED,Appointment scheduled: 'Web Appointment' at 2026-06-28T10:00,"{""status"":""SCHEDULED"",""title"":""Web Appointment"",""dateTime"":""2026-06-28T10:00""}"
2026-06-28 04:19:55.464292,6c77c2c8-de8c-477c-b5e3-cdab13a925c6,0990d34e-4488-4af1-9a4d-1028dc5bd250,dda2caa7-a8f5-42d8-bb06-8739600b438e,f2743829-9058-4a1e-aaf0-1a536e6508b9,APPOINTMENT,FLOW,APPOINTMENT_SCHEDULED,Appointment scheduled: 'Appointment' at 2026-06-29T10:00,"{""status"":""SCHEDULED"",""title"":""Appointment"",""dateTime"":""2026-06-29T10:00""}"
2026-06-28 04:20:22.83784,6c77c2c8-de8c-477c-b5e3-cdab13a925c6,0990d34e-4488-4af1-9a4d-1028dc5bd250,6c327f4c-3312-4ecc-9512-542a89aa0056,f2743829-9058-4a1e-aaf0-1a536e6508b9,APPOINTMENT,MEET_LINK_GENERATED,APPOINTMENT_SCHEDULED,Appointment scheduled: 'Appointment' at 2026-06-29T10:00,"{""status"":""SCHEDULED"",""title"":""Appointment"",""dateTime"":""2026-06-29T10:00""}"
2026-06-28 09:29:03.0378,6c77c2c8-de8c-477c-b5e3-cdab13a925c6,ec01ec30-9889-4593-ad21-d2c26da903d2,75e6bc5a-7e28-4e61-8c26-38d70c89629b,f2743829-9058-4a1e-aaf0-1a536e6508b9,APPOINTMENT,MANUAL,APPOINTMENT_SCHEDULED,Appointment scheduled: 'demo calll' at 2026-07-18T03:56:44.957,"{""status"":""SCHEDULED"",""title"":""demo calll"",""dateTime"":""2026-07-18T03:56:44.957""}"
2026-06-28 10:15:20.184181,6c77c2c8-de8c-477c-b5e3-cdab13a925c6,2306b4da-303c-4353-9c5a-67cae39972f9,c5791781-8713-47eb-8ec9-e223b3858513,f2743829-9058-4a1e-aaf0-1a536e6508b9,APPOINTMENT,MANUAL,APPOINTMENT_SCHEDULED,Appointment scheduled: 'Appointment' at 2026-06-29T10:00,"{""title"":""Appointment"",""status"":""NO_SHOW"",""dateTime"":""2026-06-29T10:00""}"
