id,owner_id,tenant_id,email,name,source,wa_id,display_id
705ebb7f-2697-4d69-9872-c863f714d164,f2743829-9058-4a1e-aaf0-1a536e6508b9,9431bdc0-7a42-4f5e-a86a-fc2b174f08bf,,Himanshu,WhatsApp,919905941728,
6c77c2c8-de8c-477c-b5e3-cdab13a925c6,f2743829-9058-4a1e-aaf0-1a536e6508b9,9431bdc0-7a42-4f5e-a86a-fc2b174f08bf,Hkbharti77@gmail.com,HIMANSHU,WhatsApp,917050047159,
5bb50890-af30-40e2-8517-a57d9705d83d,f2743829-9058-4a1e-aaf0-1a536e6508b9,9431bdc0-7a42-4f5e-a86a-fc2b174f08bf,hkbharti77@gmail.com,himanshu,support-form,web:hkbharti77@gmail.com,
fe9a92c3-915d-4ec4-a751-f2235d5554eb,f2743829-9058-4a1e-aaf0-1a536e6508b9,9431bdc0-7a42-4f5e-a86a-fc2b174f08bf,himanshukumar@gmail.com,himanshu,support-form,web:himanshukumar@gmail.com,
a91cf57d-7dcf-4920-91b3-5185b71f6622,f2743829-9058-4a1e-aaf0-1a536e6508b9,9431bdc0-7a42-4f5e-a86a-fc2b174f08bf,himanshukumar02001@gmail.com,himanshu,support-form,web:himanshukumar02001@gmail.com,
386be96e-5f95-48d4-934f-4851e6d7232e,f2743829-9058-4a1e-aaf0-1a536e6508b9,9431bdc0-7a42-4f5e-a86a-fc2b174f08bf,hkbharti@gm.com,hima,web-widget,web:hkbharti@gm.com,
d1c3a300-9eb5-4241-9326-c79bf151808b,f2743829-9058-4a1e-aaf0-1a536e6508b9,9431bdc0-7a42-4f5e-a86a-fc2b174f08bf,njhjhghogj@g.com,kkj,web-widget,web:njhjhghogj@g.com,
241402a5-2c82-4055-b0fe-fd2ba6438d9f,f2743829-9058-4a1e-aaf0-1a536e6508b9,9431bdc0-7a42-4f5e-a86a-fc2b174f08bf,bhjbjhghj@g.com,him,web-widget,web:bhjbjhghj@g.com,
6b472d9e-0cde-4e73-998f-5f5782e3352c,f2743829-9058-4a1e-aaf0-1a536e6508b9,9431bdc0-7a42-4f5e-a86a-fc2b174f08bf,hbhghhgh@g.com,jhhj,web-widget,web:hbhghhgh@g.com,
