created_at,updated_at,id,lead_id,status,type,message,source,name,email,phone,company,service_category,requirement,budget,city,country,age,gender,address,pincode,preferred_date,additional_details
2026-05-20 23:00:08.053854,,fa58ee6b-b9ba-4c21-af8f-e1eddb591bbf,4c881101-a48a-4a17-bf36-6e0304e9ba30,OPEN,FLOW,"Project type: srv_3e0ac51e-201b-4314-97af-f43c7d6ccedb
Budget: opt_2
Deadline: opt_2
Email: Hkbharti77@gmail.com
Has existing brand: Yes
Initial selection: ≡ƒÆ╗ Start Project",WhatsApp Lead Capture Flow,,,,,,,,,,,,,,,
2026-05-20 23:06:42.659343,,fa6dc5f2-a740-4bb8-a2d0-6740bd61e4ad,92d1f740-2cc1-440a-b577-99c6f44f82a7,OPEN,FLOW,"Project type: srv_3e0ac51e-201b-4314-97af-f43c7d6ccedb
Budget: opt_1
Deadline: opt_2
Email: Hkbharti77@gmail.com
Has existing brand: opt_1
Initial selection: ≡ƒÆ╗ Start Project",WhatsApp Lead Capture Flow,,,,,,,,,,,,,,,
2026-05-21 00:05:17.169146,,fbd7b42a-35a5-4a22-9d5b-1e304bbad1b5,a9db6bdc-909b-4155-8253-74ecdf079419,OPEN,FLOW,"Project type: srv_3e0ac51e-201b-4314-97af-f43c7d6ccedb
Budget: opt_1
Deadline: opt_2
Email: hkbharti77@gmail. com
Has existing brand: opt_1
Initial selection: ≡ƒÆ╗ Start Project",WhatsApp Lead Capture Flow,,,,,,,,,,,,,,,
2026-05-21 07:51:20.371675,,edd02365-1780-449d-87b8-5e2b38ba16af,2bcaf158-e0f4-4a0f-819a-3d5df5a3b3c7,OPEN,FLOW,"Project type: srv_3e0ac51e-201b-4314-97af-f43c7d6ccedb
Budget: opt_1
Deadline: opt_1
Email: hkbharti77@gmail.com
Has existing brand: opt_1
Initial selection: ≡ƒÆ╗ Start Project",WhatsApp Lead Capture Flow,,,,,,,,,,,,,,,
2026-05-21 22:16:17.632529,,42365605-fd96-4366-9935-bcf6e44ef0f1,29cf8295-fa84-420e-b15e-39b981621582,OPEN,FLOW,"Project type: srv_3e0ac51e-201b-4314-97af-f43c7d6ccedb
Budget: opt_1
Deadline: opt_1
Email: Hkbharti77@gmail.com
Has existing brand: opt_1
Initial selection: ≡ƒÆ╗ Start Project",WhatsApp Lead Capture Flow,,,,,,,,,,,,,,,
2026-06-13 09:56:23.926261,,b4b48710-bd0b-4754-87f4-f9aa69cc3735,4d64cefb-2dd6-4419-8bed-2cf4bad05557,OPEN,FLOW,"Project type: srv_3e0ac51e-201b-4314-97af-f43c7d6ccedb
Budget: opt_2
Deadline: opt_2
Email: Himanshu.bharti@mobiloitte.com
Has existing brand: opt_1
Initial selection: ≡ƒÆ╗ Start Project",WhatsApp Lead Capture Flow,,,,,,,,,,,,,,,
2026-06-15 22:26:52.147103,,ce079ac2-5f57-49b1-b3eb-6360fc65b54e,65de6705-6311-4d5c-8b77-135b97ebc0d3,OPEN,FLOW,"Email: Himanshu.bharti@mobiloitte.com
Initial selection: ≡ƒÆ╗ Enquire Now
Kickoff date: Testing
Service: srv_3e0ac51e-201b-4314-97af-f43c7d6ccedb",WhatsApp Lead Capture Flow,,,,,,,,,,,,,,,
2026-06-16 01:00:44.871746,,794959c1-3dd6-4e74-a360-5d7f26f1b7c6,7ecd1d52-7189-47e5-a9d2-674a2bc212d0,OPEN,FLOW,"Name: Himanshu
Email: Hkbharti77@gmail.com
Initial selection: ≡ƒÆ╗ Enquire Now
Phone: 70500 47159
Service category: opt_1
Specific requirement: Testing Testing Testing",WhatsApp Lead Capture Flow,,,,,,,,,,,,,,,
2026-06-16 01:02:48.417542,,c80b2c5c-9690-428e-99a6-0f003d6467b5,5104fdaa-3dad-4f02-a681-8891fea09bc5,OPEN,FLOW,"Name: H
Email: Hjjj
Initial selection: ≡ƒÆ╗ Enquire Now
Phone: 66778
Service category: opt_2
Specific requirement: Ttyt",WhatsApp Lead Capture Flow,,,,,,,,,,,,,,,
2026-06-16 08:35:19.936625,,851a3d25-fefa-4dd4-a792-d8cc8dec5e19,33f6cb2d-94c9-4f9a-beec-fa7ab34fa39f,OPEN,FLOW,"Name: Himanshu
Email: 70500 47159
Initial selection: Enquire Now
Phone: Hkbharti77@gmail.com
Service category: opt_2
Specific requirement: Testing",WhatsApp Lead Capture Flow,,,,,,,,,,,,,,,
2026-06-16 23:40:55.333995,,cd6d5598-3cc3-49a3-8c62-d76f609cd204,ae6e45cd-9451-498d-ae05-564fc88a99d0,OPEN,FLOW,"Name: Himanshu
Email: Hkbharti77@gmail.com
Initial selection: ≡ƒÆ╗ Enquire Now
Phone: 70500 47159
Service category: opt_2
Specific requirement: Testing Testing Testing",WhatsApp Lead Capture Flow,,,,,,,,,,,,,,,
2026-06-27 15:33:02.174056,,c668cf7f-2f3c-4f50-935c-e362314a6678,534e761e-7446-49d1-9816-4037fe9aac35,OPEN,WEB_WIDGET,"Web widget submission:
ΓÇó name: him
ΓÇó specific_requirement: testing testing
ΓÇó phone: 7870383893
ΓÇó email: himanshukumar02001@gmail.com",web-widget,him,himanshukumar02001@gmail.com,7870383893,,,testing testing,,,,,,,,,
2026-06-27 15:41:57.729702,,1a5191ef-0e6b-467e-9da5-3297dcc9b991,80d0fa93-b99a-42b3-9b7d-a2b161dbe790,OPEN,WEB_WIDGET,Lead submitted via Web Widget.,web-widget,himasnu,himanshukumar02001@gmail.com,7050047159,,,testing testing,,,,,,,,,
2026-06-27 17:10:18.699568,,28482373-a5e5-4991-aecc-c5ffb693353e,d830fc8d-5f59-45cc-b6cf-16956519f2a6,OPEN,WEB_WIDGET,Lead submitted via Web Widget.,web-widget,kkj,njhjhghogj@g.com,78786876976,,Consultation,hjhj jbjhbjj,23333,njhbkjh jhbkj,,,,,,,
2026-06-27 17:18:43.283828,,907e2fb2-7cda-4845-9d77-3442b2720faa,75a5a692-0543-4d4d-bf84-626a84624158,OPEN,WEB_WIDGET,Lead submitted via Web Widget.,web-widget,him,bhjbjhghj@g.com,87686876789,,Consultation,"tegkdbb hbjbjdse

Additional Details:
pincode: 877876
address: knknj
gender: Male
custom_dropdown_2: Option Z
custom_dropdown_1: Option C
preferred_contact_time: Afternoon (12ΓÇô4pm)
source: Friend/Referral
urgency: Within a month
custom_text_1: kknjnj j
custom_text_2: mn  n,m
age: 33
preferred_date: 19/01/2002",33333,knjnjn,,,,,,,
2026-06-27 17:25:55.918732,,748939b2-a6f2-4dc7-adbb-8af8c871f015,44166c67-6218-4757-9802-c01967e75a25,OPEN,WEB_WIDGET,Lead submitted via Web Widget.,web-widget,jhhj,hbhghhgh@g.com,76565657578,,Consultation,"jknknlknl

Additional Details:
pincode: 33333
address: n mbjnjhkjn j
gender: Male
custom_dropdown_2: Option X
custom_dropdown_1: Option A
preferred_contact_time: Afternoon (12ΓÇô4pm)
source: Friend/Referral
urgency: Within a month
custom_text_1: jlnlnljn
custom_text_2: ljknklnl
age: 33
preferred_date: 122222",33333,jnkjjbjb jhbjhbj,,,,,,,
2026-06-27 17:43:51.885661,,0b043146-b6ff-486b-959e-2c60adb0386e,27787115-2779-4fb3-b2e1-dc50799db985,OPEN,FLOW,"Name: Himanshu
Email: Hkbharti77@gmail.com
Initial selection: ≡ƒÆ╗ Enquire Now
Phone: 70500 47159
Service category: Installation/Setup
Specific requirement: Testing Testing",WhatsApp Lead Capture Flow,Himanshu,Hkbharti77@gmail.com,70500 47159,,Installation/Setup,"Testing Testing

Additional Details:
initial_selection: ≡ƒÆ╗ Enquire Now",,,,,,,,,
2026-06-27 17:47:03.59655,,16ee6bf7-e380-4a5e-ae73-266d5af0ece6,ab4b18e2-fe97-4e17-a8cd-5456914db4c8,OPEN,FLOW,"Name: Him
Email: Hkbharti77@gmail.com
Initial selection: ≡ƒÆ╗ Enquire Now
Phone: 70500 47159
Service category: Consultation
Specific requirement: Yyvv. Ghh",WhatsApp Lead Capture Flow,Him,Hkbharti77@gmail.com,70500 47159,,Consultation,"Yyvv. Ghh

Additional Details:
initial_selection: ≡ƒÆ╗ Enquire Now",,,,,,,,,
2026-06-27 17:53:38.605878,,6a1c8958-1e9e-4f6c-9dda-e32dc23156e1,f2c7c6f8-d6c3-419f-aea7-3d97f0c1503e,OPEN,FLOW,"Name: Himanshu
Email: Hkbharti77@gmail.com
Initial selection: ≡ƒÆ╗ Enquire Now
Phone: 70500 47159
Service category: Consultation
Specific requirement: Testing Testing Testing",WhatsApp Lead Capture Flow,Himanshu,Hkbharti77@gmail.com,70500 47159,,Consultation,"Testing Testing Testing

Additional Details:
initial_selection: ≡ƒÆ╗ Enquire Now",,,,,,,,,
2026-06-27 17:59:06.841043,,f225b14c-42e1-48f2-93ea-bc4c198cbd7a,c404fce9-9925-4d55-a4a4-239ac60b44cc,OPEN,FLOW,"Name: Himanshu
Email: Hkbharti77@gmail.com
Initial selection: ≡ƒÆ╗ Enquire Now
Phone: 70500 47159
Service category: Installation/Setup
Specific requirement: Treat me",WhatsApp Lead Capture Flow,Himanshu,Hkbharti77@gmail.com,70500 47159,,Installation/Setup,"Treat me

Additional Details:
initial_selection: ≡ƒÆ╗ Enquire Now",,,,,,,,,
2026-06-27 18:15:45.027126,,58b671c4-98cd-4c4b-a9d7-2bfec9f157e6,a5e547ff-faf0-4316-88dd-0cda19a12c32,OPEN,FLOW,"Name: Him
Email: Hkbharti77@gmail.com
Initial selection: ≡ƒÆ╗ Enquire Now
Phone: 70500 47159
Service category: Installation/Setup
Specific requirement: Yes please",WhatsApp Lead Capture Flow,Him,Hkbharti77@gmail.com,70500 47159,,Installation/Setup,"Yes please

Additional Details:
initial_selection: ≡ƒÆ╗ Enquire Now",,,,,,,,,
2026-06-27 18:28:07.261752,,d40637bd-9bde-4209-90e6-1ff073cbf9bb,7e28d2d2-756a-48b4-8214-365d7d74e83d,OPEN,FLOW,"Name: Himanshu
Email: Hkbharti77@gmail.com
Initial selection: Enquire Now
Phone: 70500 47159
Service category: Installation/Setup
Specific requirement: Testing Testing",WhatsApp Lead Capture Flow,Himanshu,Hkbharti77@gmail.com,70500 47159,,Installation/Setup,"Testing Testing

Additional Details:
initial_selection: Enquire Now",,,,,,,,,
2026-06-27 22:08:40.783642,,cd82b96c-3bf1-43b6-82ad-4b37af0e5164,9b1addbb-80b7-44e7-adc7-2e133dc7313e,OPEN,FLOW,"Name: Himanshu
Email: Himanshu.bharti@mobiloitte.com
Initial selection: ≡ƒÆ╗ Enquire Now
Phone: 70500 47159
Service category: Consultation
Specific requirement: Testing",WhatsApp Lead Capture Flow,Himanshu,Himanshu.bharti@mobiloitte.com,70500 47159,,Consultation,"Testing

Additional Details:
initial_selection: ≡ƒÆ╗ Enquire Now",,,,,,,,,
2026-06-27 22:20:25.833636,,d7b180f0-56be-4e30-96f6-9f5dd8401126,e6fb91d8-c0e0-4d6e-bdc7-580b8e23c310,OPEN,FLOW,"Name: Himanshu
Email: Hkbharti77@gmail.com
Initial selection: ≡ƒÆ╗ Enquire Now
Phone: 70500 47159
Service category: Installation/Setup
Specific requirement: Treat me",WhatsApp Lead Capture Flow,Himanshu,Hkbharti77@gmail.com,70500 47159,,Installation/Setup,"Treat me

Additional Details:
initial_selection: ≡ƒÆ╗ Enquire Now",,,,,,,,,
2026-06-27 22:30:53.792198,,3ab89f21-c52b-4442-aa5d-394333935e1e,941533c8-dc33-4f31-a1eb-42ef1cbeedc4,OPEN,FLOW,"Name: Himanshu
Email: Hkbharti77@gmail.com
Initial selection: ≡ƒÆ╗ Enquire Now
Phone: 70500 47159
Service category: Installation/Setup
Specific requirement: Testing Testing",WhatsApp Lead Capture Flow,Himanshu,Hkbharti77@gmail.com,70500 47159,,Installation/Setup,"Testing Testing

Additional Details:
initial_selection: ≡ƒÆ╗ Enquire Now",,,,,,,,,
2026-06-27 22:45:39.770883,,245bc995-d2e0-40e4-bfc9-12e2ec768ff4,20b4018a-87d2-45b7-848e-12ad78aa1749,OPEN,FLOW,"Name: Himanshu
Address: Fhjbjjjkkk
Age: 34
Budget: 45000
City: H hgcgjc vkcuyc
Custom dropdown 1: Option B
Custom dropdown 2: Option Y
Custom text 1: Gu
Custom text 2: Hfxhxggdyj
Email: Hkbharti77@gmail.com
Gender: Male
Initial selection: ≡ƒÆ╗ Enquire Now
Phone: 70500 47159
Pincode: 454545
Preferred contact time: Afternoon (12ΓÇô4pm)
Preferred date: 12/09/2002
Service category: Consultation
Source: Social Media
Specific requirement: Testing Testing
Urgency: Within a week",WhatsApp Lead Capture Flow,Himanshu,Hkbharti77@gmail.com,70500 47159,,Consultation,"Testing Testing

Additional Details:
≡ƒÄé What is your age?: 34
≡ƒæñ What is your gender?: Male
≡ƒöì How did you hear about us?: Social Media
≡ƒôì Please share your full address/location:: Fhjbjjjkkk
≡ƒô« What is your pincode/zip code?: 454545
ΓÜí How urgent is your requirement?: Within a week
jbnkjlkjoko: Gu
: nlkjnlkjlkjk: Hfxhxggdyj
≡ƒôà Please specify a preferred date (DD/MM/YYYY):: 12/09/2002
:kjnnlklklkjl: Option B
initial_selection: ≡ƒÆ╗ Enquire Now
≡ƒòÉ When is the best time for us to contact you?: Afternoon (12ΓÇô4pm)
jkjkj;kjlkj : Option Y",45000,H hgcgjc vkcuyc,,,,,,,
2026-06-27 23:26:08.272485,,0f806c93-227e-49a3-8f0f-0a648fc6050f,3d6bba70-7388-4083-8f68-d448d128c200,OPEN,FLOW,"Name: Himanshu
Address: Hi hhjg hhh
Age: 33
Budget: 34000
City: Saharsa
Custom dropdown 1: Option B
Custom dropdown 2: Option Y
Custom text 1: Hhhh
Custom text 2: Ggghhh hhhhh
Email: Hkbharti77@gmail.com
Gender: Male
Initial selection: ≡ƒÆ╗ Enquire Now
Phone: 70500 47159
Pincode: 567866
Preferred contact time: Morning (9amΓÇô12pm)
Preferred date: 20/09/2002
Service category: Hjk jjjn jjjjjj
Source: Installation/Setup
Specific requirement: Testing Testing
Urgency: Within a month",WhatsApp Lead Capture Flow,Himanshu,Hkbharti77@gmail.com,70500 47159,,Hjk jjjn jjjjjj,"Testing Testing

Additional Details:
≡ƒöì How did you hear about us?: Installation/Setup
ΓÜí How urgent is your requirement?: Within a month
jbnkjlkjoko: Hhhh
: nlkjnlkjlkjk: Ggghhh hhhhh
:kjnnlklklkjl: Option B
initial_selection: ≡ƒÆ╗ Enquire Now
≡ƒòÉ When is the best time for us to contact you?: Morning (9amΓÇô12pm)
jkjkj;kjlkj : Option Y",34000,Saharsa,,33,Male,Hi hhjg hhh,567866,20/09/2002,
2026-06-27 23:43:52.112571,,b22168b3-d87e-4ca7-ba18-8eeeac518526,279860ac-ad57-4767-a806-d511630fc928,OPEN,FLOW,"Name: Himanshu
Address: Katghara salmon
Age: 45
Budget: 45000
City: Saharsa
Custom dropdown 1: Option B
Custom dropdown 2: Option Y
Custom text 1: Xyzz
Custom text 2: Yfghhjjj
Email: Hkbharti77@gmail.com
Gender: Male
Initial selection: ≡ƒÆ╗ Enquire Now
Phone: 70500 47159
Pincode: 786709
Preferred contact time: Morning (9amΓÇô12pm)
Preferred date: 23/09/2002
Service category: Consultation
Source: Google/Search
Specific requirement: Testing Testing Testing
Urgency: Within a month",Google/Search,Himanshu,Hkbharti77@gmail.com,70500 47159,,Consultation,Testing Testing Testing,45000,Saharsa,,45,Male,Katghara salmon,786709,23/09/2002,"{""jkjkj;kjlkj "":""Option Y"",""jbnkjlkjoko"":""Xyzz"",""initial_selection"":""≡ƒÆ╗ Enquire Now"",""≡ƒòÉ When is the best time for us to contact you?"":""Morning (9amΓÇô12pm)"","": nlkjnlkjlkjk"":""Yfghhjjj"","":kjnnlklklkjl"":""Option B"",""ΓÜí How urgent is your requirement?"":""Within a month""}"
2026-06-27 23:53:15.777292,,fec04bc4-e1a6-43b0-91a1-0f78f51f783b,ecda08c5-f752-4247-b725-4603e48b2d88,OPEN,FLOW,"Name: Himanshu
Address: Saharsa namaste
Age: 23
Budget: 34000
City: Salmon
Custom dropdown 1: Option B
Custom dropdown 2: Option Y
Custom text 1: Testing
Custom text 2: Testing and
Email: Hkbharti77@gmail.com
Gender: Male
Initial selection: ≡ƒÆ╗ Enquire Now
Phone: 70500 47159
Pincode: 862107
Preferred contact time: Morning (9amΓÇô12pm)
Preferred date: 12/12/2002
Service category: Consultation
Source: Google/Search
Specific requirement: Testing Testing
Urgency: Within a week",Google/Search,Himanshu,Hkbharti77@gmail.com,70500 47159,,Consultation,Testing Testing,34000,Salmon,,23,Male,Saharsa namaste,862107,12/12/2002,"{""jkjkj;kjlkj "":""Option Y"",""jbnkjlkjoko"":""Testing"",""initial_selection"":""≡ƒÆ╗ Enquire Now"",""≡ƒòÉ When is the best time for us to contact you?"":""Morning (9amΓÇô12pm)"","": nlkjnlkjlkjk"":""Testing and"","":kjnnlklklkjl"":""Option B"",""ΓÜí How urgent is your requirement?"":""Within a week""}"
2026-06-28 00:05:11.391534,,fba4578f-6330-4e59-a463-132cc9f235f0,d26a90ed-88b8-412f-8041-5c8a9d3a6cf4,OPEN,FLOW,"Name: Himm
Address: Sahara
Age: 33
Budget: 34000
City: Saharsa
Custom dropdown 1: Option B
Custom dropdown 2: Option Y
Custom text 1: Yyhhhbb
Custom text 2: Hhjjjjjjjjj
Email: Hkbharti77@gmail.com
Gender: Male
Initial selection: ≡ƒÆ╗ Enquire Now
Phone: 70500 47159
Pincode: 566666
Preferred contact time: Afternoon (12ΓÇô4pm)
Preferred date: 1234459
Service category: Installation/Setup
Source: Google/Search
Specific requirement: Testing Testing
Urgency: Within a week",Google/Search,Himm,Hkbharti77@gmail.com,70500 47159,,Installation/Setup,"Testing Testing

Additional Details:
jkjkj;kjlkj : Option Y
jbnkjlkjoko: Yyhhhbb
initial_selection: ≡ƒÆ╗ Enquire Now
≡ƒòÉ When is the best time for us to contact you?: Afternoon (12ΓÇô4pm)
: nlkjnlkjlkjk: Hhjjjjjjjjj
:kjnnlklklkjl: Option B
ΓÜí How urgent is your requirement?: Within a week",34000,Saharsa,,33,Male,Sahara,566666,1234459,"{""jkjkj;kjlkj "":""Option Y"",""jbnkjlkjoko"":""Yyhhhbb"",""initial_selection"":""≡ƒÆ╗ Enquire Now"",""≡ƒòÉ When is the best time for us to contact you?"":""Afternoon (12ΓÇô4pm)"","": nlkjnlkjlkjk"":""Hhjjjjjjjjj"","":kjnnlklklkjl"":""Option B"",""ΓÜí How urgent is your requirement?"":""Within a week""}"
2026-06-28 01:17:30.559016,,a2de55c7-85e2-4a6a-8c32-4767d84f0a89,bccd0959-9de6-4269-b90e-c0587cdfd2de,OPEN,FLOW,"Name: Himanshu
Email: Hkbharti77@gmail.com
Initial selection: ≡ƒÆ╗ Enquire Now
Phone: 70500 47159
Service category: 46
Source: Hsjsj
Specific requirement: Hsnsnsn",Hsjsj,Himanshu,Hkbharti77@gmail.com,70500 47159,,46,"Hsnsnsn

Additional Details:
initial_selection: ≡ƒÆ╗ Enquire Now",,,,,,,,,"{""initial_selection"":""≡ƒÆ╗ Enquire Now""}"
2026-06-28 01:19:40.527836,,f1cfedf0-e9ab-4f55-bdf0-892897d1374a,033e8780-5407-46dd-9bfc-3b08735da1ce,OPEN,FLOW,"Name: Sdhsry
Email: Himanshukumar02001@gmail.com
Initial selection: ≡ƒÆ╗ Enquire Now
Phone: 70500 47159
Service category: Consultation
Source: Google/Search
Specific requirement: Treat you",Google/Search,Sdhsry,Himanshukumar02001@gmail.com,70500 47159,,Consultation,"Treat you

Additional Details:
initial_selection: ≡ƒÆ╗ Enquire Now",,,,,,,,,"{""initial_selection"":""≡ƒÆ╗ Enquire Now""}"
