id,category,created_at,deleted,deleted_at,deleted_by,description,first_responded_at,first_response_due_at,priority,resolution_due_at,resolved_at,sla_breached,source,status,subject,submitter_email,submitter_name,submitter_phone,ticket_number,updated_at,tenant_id,assigned_to_id,contact_id,owner_id,reference_number,search_vector
0e1fdf0e-5877-4d76-9c0f-b487bcef280a,xyzz,2026-05-22 07:26:46.588969,f,,,jbjbibjjhb,2026-06-14 21:38:51.895588,2026-05-22 08:26:46.591131,HIGH,2026-05-22 15:26:46.591131,,f,MANUAL,OPEN,hjbjbjh,himanshukumar02001@gmail.com,jhbjbjh,07050047159,TKT-2026-00001,2026-06-14 21:38:51.906581,9431bdc0-7a42-4f5e-a86a-fc2b174f08bf,,,f2743829-9058-4a1e-aaf0-1a536e6508b9,GYAN-T-20260522-0001,'07050047159':4 'himanshukumar02001@gmail.com':3 'hjbjbjh':1 'jhbjbjh':2 'xyzz':5
4fc16a5f-336a-43fd-9ee8-109446169eba,,2026-06-16 23:01:57.928125,f,,,No description provided,,2026-06-17 03:01:57.928677,MEDIUM,2026-06-17 23:01:57.928677,,f,MANUAL,OPEN,WhatsApp Support Request,Hkbharti77@gmail.com,Him,70500 47159,TKT-2026-00002,,9431bdc0-7a42-4f5e-a86a-fc2b174f08bf,,6c77c2c8-de8c-477c-b5e3-cdab13a925c6,f2743829-9058-4a1e-aaf0-1a536e6508b9,GYAN-T-20260616-0001,'47159':7 '70500':6 'hkbharti77@gmail.com':5 'request':3 'support':2 'whatsapp':1
41aaa0d3-73b4-449d-8444-f1af15685b68,,2026-06-16 23:13:34.09278,f,,,No description provided,,2026-06-17 03:13:34.093868,MEDIUM,2026-06-17 23:13:34.093868,,f,MANUAL,OPEN,WhatsApp Support Request,Hkbharti77@gmail.com,Hj,12345678900,TKT-2026-00003,,9431bdc0-7a42-4f5e-a86a-fc2b174f08bf,,6c77c2c8-de8c-477c-b5e3-cdab13a925c6,f2743829-9058-4a1e-aaf0-1a536e6508b9,GYAN-T-20260616-0001,'12345678900':6 'hj':4 'hkbharti77@gmail.com':5 'request':3 'support':2 'whatsapp':1
8827a65b-eaf2-45e3-a3c9-83c39c60b0b9,opt_3,2026-06-16 23:30:43.653029,t,2026-06-16 23:49:38.524295,f2743829-9058-4a1e-aaf0-1a536e6508b9,Testing Testing Testing,,2026-06-17 03:30:43.653029,MEDIUM,2026-06-17 23:30:43.653029,,f,WHATSAPP,OPEN,Testing Testing,Hkbharti77@gmail.com,Him,70500 47159,TKT-2026-00004,2026-06-16 23:49:38.548162,9431bdc0-7a42-4f5e-a86a-fc2b174f08bf,,705ebb7f-2697-4d69-9872-c863f714d164,f2743829-9058-4a1e-aaf0-1a536e6508b9,GYAN-T-20260616-0001,"'3':8 '47159':6 '70500':5 'hkbharti77@gmail.com':4 'opt':7 'test':1,2"
c47873a5-b0c5-4b48-970b-bc8423e591fb,Revision Request,2026-06-22 22:44:23.5077,f,,,jhjhbj ub,,2026-06-23 02:44:23.5077,MEDIUM,2026-06-23 22:44:23.5077,,f,SUPPORT_FORM,OPEN,xyz,hkbharti77@gmail.com,himanshu,,TKT-2026-00005,,9431bdc0-7a42-4f5e-a86a-fc2b174f08bf,,5bb50890-af30-40e2-8517-a57d9705d83d,f2743829-9058-4a1e-aaf0-1a536e6508b9,GYANF2-T-20260622-0001,'himanshu':2 'hkbharti77@gmail.com':3 'request':5 'revis':4 'xyz':1
056dce9b-45b4-42c8-becd-970ab62ed12a,Account Issue,2026-06-23 08:12:49.74795,f,,,ndsjnkns jksnkss,,2026-06-23 12:12:49.75047,MEDIUM,2026-06-24 08:12:49.75047,,f,SUPPORT_FORM,OPEN,jdshnd njnksd,hkbharti77@gmail.com,kjnknk,7050047159,TKT-2026-00006,,9431bdc0-7a42-4f5e-a86a-fc2b174f08bf,,5bb50890-af30-40e2-8517-a57d9705d83d,f2743829-9058-4a1e-aaf0-1a536e6508b9,GYANF2-T-20260623-0001,'7050047159':5 'account':6 'hkbharti77@gmail.com':4 'issu':7 'jdshnd':1 'kjnknk':3 'njnksd':2
0ce70fe0-313b-43b0-acc0-631d33ce828c,Account Issue,2026-06-23 22:51:26.612775,f,,,Hi,,2026-06-24 02:51:26.612775,MEDIUM,2026-06-24 22:51:26.612775,,f,WHATSAPP,OPEN,WhatsApp Support Request,Himanshu.bharti@mobiloitte.com,Himanshu,70500 47159,TKT-2026-00007,,9431bdc0-7a42-4f5e-a86a-fc2b174f08bf,,705ebb7f-2697-4d69-9872-c863f714d164,f2743829-9058-4a1e-aaf0-1a536e6508b9,GYANF2-T-20260623-0001,'47159':7 '70500':6 'account':8 'himanshu':4 'himanshu.bharti@mobiloitte.com':5 'issu':9 'request':3 'support':2 'whatsapp':1
58a9a38a-b128-48b2-afe1-7edf0cc0b212,Technical,2026-06-26 07:54:13.099448,f,,,testing testing,2026-06-26 07:58:23.266205,2026-06-26 11:54:13.099931,MEDIUM,2026-06-27 07:54:13.099931,,f,SUPPORT_FORM,OPEN,testing testing testing,himanshukumar@gmail.com,himanshu,354435234,TKT-2026-00008,2026-06-26 07:58:27.136831,9431bdc0-7a42-4f5e-a86a-fc2b174f08bf,,fe9a92c3-915d-4ec4-a751-f2235d5554eb,f2743829-9058-4a1e-aaf0-1a536e6508b9,GYANF2-T-20260626-0001,"'354435234':6 'himanshu':4 'himanshukumar@gmail.com':5 'technic':7 'test':1,2,3"
e52a6569-a20c-4988-abee-6e4887448200,Account Issue,2026-06-26 08:03:30.310228,f,,,testing testing,,2026-06-26 12:03:30.310228,MEDIUM,2026-06-27 08:03:30.310228,,f,SUPPORT_FORM,OPEN,testing testing,himanshukumar02001@gmail.com,himanshu,7050047159,TKT-2026-00009,,9431bdc0-7a42-4f5e-a86a-fc2b174f08bf,,a91cf57d-7dcf-4920-91b3-5185b71f6622,f2743829-9058-4a1e-aaf0-1a536e6508b9,GYANF2-T-20260626-0001,"'7050047159':5 'account':6 'himanshu':3 'himanshukumar02001@gmail.com':4 'issu':7 'test':1,2"
