show_about_contact,show_offer_button,show_sos_button,show_trust_button,id,tenant_id,third_button_type,portfolio_url,review_url,access_token,offer_text,phone_number_id,returning_message,sos_note,verify_token,waba_id,welcome_message,custom_messages_json,custom_sub_menus_json,interactive_menu_json,app_secret,show_support_form_button,flow_cancel_menu_json,flow_completion_menu_json,guardrail_message_abuse,guardrail_message_gibberish,ai_response_menu_json
t,f,t,f,2a89b96e-ec5c-45cd-b1dd-ba18a172c171,9431bdc0-7a42-4f5e-a86a-fc2b174f08bf,SOS,,"",EAATO2qDVQrYBRc2DwHyGhd4il05tXTBMK9xSLWZA9udoFqTVkyJFNAukSXCiuix9xIUqAlFfDw0AJpxCuWS4ZBNAWmkHrXXnD9fC263uBpKJ69FPtXH6sGZCW2p1ZAmMMWZAU4TDkTDeSRDUX9YcQxPyuoSatecfEnjZBnrFPunzA8ffCmqCZC0p74ZCn0DNZBTa3MQZDZD,"",1034633209738573,"≡ƒæï Welcome back, {{name}}!

Thank you for connecting with {{business}} again. How can I assist you today?

Please select an option from the menu below.
",Get Suppports,hkbharti77@,1647698813216553,"≡ƒæï Welcome to {{business}}!

I'm your AI assistant and I'm here to help you with inquiries, appointments, support requests, and information about our services.

Please choose an option from the menu below to get started.
","[{""id"": ""custom_msg_1"", ""name"": ""WhatsApp Automation"", ""imageUrl"": ""https://juicy-scoldingly-marylyn.ngrok-free.dev/public/images/menu/86442f18-5574-46c5-b060-bbe4a83f5bca"", ""response"": ""≡ƒñû WhatsApp AI Bot\n\nΓÇó 24/7 Customer Support\nΓÇó Lead Capture\nΓÇó Appointment Booking\nΓÇó Multi-language Support\nΓÇó CRM Integration\n\nStarting from Γé╣9,999/month.\n\nWould you like a demo?""}, {""id"": ""custom_msg_2"", ""name"": ""Website Chat Widget"", ""imageUrl"": ""https://juicy-scoldingly-marylyn.ngrok-free.dev/public/images/menu/34e1bf0e-d36d-4b70-bdc6-31394e354e52"", ""response"": ""≡ƒîÉ Website Chat AI\n\nΓÇó Website Integration\nΓÇó Lead Generation\nΓÇó FAQ Automation\nΓÇó Real-time Visitor Support\n\nStarting from Γé╣7,999.\n\nWould you like a demo?""}, {""id"": ""custom_msg_3"", ""name"": ""Quick Response 3"", ""imageUrl"": """", ""response"": """"}, {""id"": ""custom_msg_4"", ""name"": ""Quick Response 4"", ""imageUrl"": """", ""response"": """"}, {""id"": ""custom_msg_5"", ""name"": ""Quick Response 5"", ""imageUrl"": """", ""response"": """"}, {""id"": ""custom_msg_6"", ""name"": ""Quick Response 6"", ""imageUrl"": """", ""response"": """"}]",[],"{""type"": ""list"", ""title"": ""Our Services"", ""button"": ""View Options"", ""sections"": [{""rows"": [{""id"": ""trigger_flow"", ""title"": ""≡ƒÆ╗ Book Service"", ""description"": ""Automated flow trigger""}, {""id"": ""view_services"", ""title"": ""≡ƒñû AI Solutions"", ""description"": ""Explore our AI services""}, {""id"": ""custom_msg_1"", ""title"": ""≡ƒÆ¼ WhatsApp Automation"", ""description"": ""Learn about WhatsApp AI Assistants""}, {""id"": ""custom_msg_2"", ""title"": ""≡ƒîÉ Website Chat Widget"", ""description"": ""Website AI chat integration""}], ""title"": ""Available Options""}]}",da5f7d54916b67a1790509a3fb6eaca9,t,"{""type"": ""button"", ""bodyText"": ""≡ƒ¢æ Your request has been cancelled successfully."", ""sections"": [{""rows"": [{""id"": ""trigger_flow_appointment"", ""title"": ""Appointment""}, {""id"": ""view_services"", ""title"": ""Ai Solutions""}]}]}","{""type"": ""button"", ""bodyText"": ""Γ£à Thank you. Your request has been submitted successfully. Our team will contact you shortly."", ""sections"": [{""rows"": [{""id"": ""view_services"", ""title"": ""Ai Solutions""}, {""id"": ""custom_msg_2"", ""title"": ""Website Chat AI""}]}]}","We are unable to process messages containing inappropriate or abusive language. Please communicate respectfully and select one of the available menu options for assistance. Our team will be happy to help.
","We couldn't understand your request. Please select an option from the menu below or describe your requirement clearly so we can assist you better.
","{""type"": ""button"", ""bodyText"": ""Please select an option:"", ""sections"": [{""rows"": [{""id"": ""trigger_flow_lead"", ""title"": ""Enquire Now""}, {""id"": ""trigger_flow_appointment"", ""title"": ""Appointment""}, {""id"": ""view_services"", ""title"": ""Ai Solutions""}]}]}"
